SKU,Date,Forecast_Next_Week,Forecast_Date
SKU001,2026-01-04,85.68,2026-01-11
SKU002,2026-01-04,49.39,2026-01-11
SKU003,2026-01-04,24.38,2026-01-11
SKU004,2026-01-04,30.47,2026-01-11
SKU005,2026-01-04,89.39,2026-01-11
SKU006,2026-01-04,32.31,2026-01-11
SKU007,2026-01-04,131.16,2026-01-11
SKU008,2026-01-04,79.26,2026-01-11
SKU009,2026-01-04,66.07,2026-01-11
SKU010,2026-01-04,87.16,2026-01-11
SKU011,2026-01-04,14.76,2026-01-11
SKU012,2026-01-04,141.42,2026-01-11
SKU013,2026-01-04,76.46,2026-01-11
SKU014,2026-01-04,116.01,2026-01-11
SKU015,2026-01-04,19.91,2026-01-11
SKU016,2026-01-04,79.1,2026-01-11
SKU017,2026-01-04,80.7,2026-01-11
SKU018,2026-01-04,143.52,2026-01-11
SKU019,2026-01-04,87.01,2026-01-11
SKU020,2026-01-04,79.74,2026-01-11
SKU021,2026-01-04,44.34,2026-01-11
SKU022,2026-01-04,51.13,2026-01-11
SKU023,2026-01-04,86.96,2026-01-11
SKU024,2026-01-04,65.49,2026-01-11
SKU025,2026-01-04,14.45,2026-01-11
SKU026,2026-01-04,129.27,2026-01-11
SKU027,2026-01-04,135.28,2026-01-11
SKU028,2026-01-04,21.66,2026-01-11
SKU029,2026-01-04,76.74,2026-01-11
SKU030,2026-01-04,22.97,2026-01-11
SKU031,2026-01-04,92.41,2026-01-11
SKU032,2026-01-04,48.72,2026-01-11
SKU033,2026-01-04,87.16,2026-01-11
SKU034,2026-01-04,113.74,2026-01-11
SKU035,2026-01-04,124.23,2026-01-11
SKU036,2026-01-04,24.31,2026-01-11
SKU037,2026-01-04,140.15,2026-01-11
SKU038,2026-01-04,40.7,2026-01-11
SKU039,2026-01-04,17.03,2026-01-11
SKU040,2026-01-04,82.73,2026-01-11
SKU041,2026-01-04,50.78,2026-01-11
SKU042,2026-01-04,132.67,2026-01-11
SKU043,2026-01-04,120.92,2026-01-11
SKU044,2026-01-04,48.63,2026-01-11
SKU045,2026-01-04,145.37,2026-01-11
SKU046,2026-01-04,49.28,2026-01-11
SKU047,2026-01-04,81.67,2026-01-11
SKU048,2026-01-04,42.84,2026-01-11
SKU049,2026-01-04,128.84,2026-01-11
SKU050,2026-01-04,33.28,2026-01-11
