Snapshot_Date,SKU,Current_Stock,On_Order,Lead_Time_Days,Safety_Stock,Reorder_Point,Inventory_Value,Forecast_Next_Week,Daily_Forecast,Lead_Time_Demand,Available_Stock,Projected_Stock_After_Lead_Time,Stockout_Risk,Four_Week_Demand,Overstock_Risk,Risk_Level,Recommended_Action,Cost_Price,Stockout_Units_At_Risk,Overstock_Units_At_Risk,Stockout_Value_At_Risk,Overstock_Value_At_Risk,Final_Value_At_Risk
2025-12-01,SKU035,670,76,8,137,304,3918347.6,124.23,17.747142857142858,141.97714285714287,746,604.0228571428571,False,496.92,False,Healthy,Healthy,1137.61,0.0,173.07999999999998,0.0,196897.53879999995,0.0
2025-12-01,SKU034,34,103,5,34,58,52497.36,113.74,16.248571428571427,81.24285714285713,137,55.75714285714287,False,454.96,False,Healthy,Healthy,1333.43,0.0,0.0,0.0,0.0,0.0
2025-12-01,SKU033,208,168,12,55,183,707096.0,87.16,12.45142857142857,149.41714285714284,376,226.58285714285716,False,348.64,False,Healthy,Healthy,4657.74,0.0,0.0,0.0,0.0,0.0
2025-12-01,SKU032,278,214,11,60,185,1269626.0,48.72,6.96,76.56,492,415.44,False,194.88,False,Healthy,Healthy,3806.6,0.0,83.12,0.0,316404.592,0.0
2025-12-01,SKU027,567,103,3,83,133,2599048.62,135.28,19.325714285714287,57.977142857142866,670,612.0228571428571,False,541.12,False,Healthy,Healthy,307.06,0.0,25.879999999999995,0.0,7946.712799999998,0.0
2025-12-01,SKU030,166,32,9,43,104,342462.98,22.97,3.281428571428571,29.53285714285714,198,168.46714285714285,False,91.88,False,Healthy,Healthy,5715.03,0.0,74.12,0.0,423598.0236,0.0
2025-12-01,SKU029,261,520,5,196,329,891602.1,76.74,10.962857142857143,54.81428571428572,781,726.1857142857143,False,306.96,False,Healthy,Healthy,5402.59,0.0,0.0,0.0,0.0,0.0
2025-12-01,SKU028,174,55,11,114,337,85058.16,21.66,3.0942857142857143,34.037142857142854,229,194.96285714285716,False,86.64,True,High Overstock,Markdown / Clear,6348.66,0.0,87.36,0.0,554618.9376,554618.9376
2025-12-01,SKU031,93,40,13,28,113,234857.55,92.41,13.20142857142857,171.6185714285714,133,-38.618571428571414,True,369.64,False,High Stockout,Reorder Now,6300.65,66.61857142857141,0.0,419740.30207142845,0.0,419740.30207142845
2025-12-01,SKU036,383,135,3,77,129,574446.38,24.31,3.472857142857143,10.418571428571429,518,507.58142857142855,False,97.24,True,High Overstock,Markdown / Clear,5430.12,0.0,285.76,0.0,1551711.0912,1551711.0912
2025-12-01,SKU048,106,50,3,22,31,381464.32,42.84,6.12,18.36,156,137.64,False,171.36,False,Healthy,Healthy,6863.87,0.0,0.0,0.0,0.0,0.0
2025-12-01,SKU038,159,310,12,56,175,509262.69,40.7,5.814285714285715,69.77142857142857,469,399.2285714285714,False,162.8,False,Healthy,Healthy,4630.58,0.0,0.0,0.0,0.0,0.0
2025-12-01,SKU039,93,35,3,17,31,284026.65,17.03,2.432857142857143,7.298571428571428,128,120.70142857142858,False,68.12,False,Healthy,Healthy,6178.74,0.0,24.879999999999995,0.0,153727.05119999996,0.0
2025-12-01,SKU040,67,29,9,36,93,78024.85,82.73,11.81857142857143,106.36714285714287,96,-10.367142857142866,True,330.92,False,High Stockout,Reorder Now,5169.07,46.367142857142866,0.0,239675.00712857145,0.0,239675.00712857145
2025-12-01,SKU041,440,40,4,78,139,2496001.2,50.78,7.2542857142857144,29.017142857142858,480,450.98285714285714,False,203.12,True,High Overstock,Markdown / Clear,4540.24,0.0,236.88,0.0,1075492.0511999999,1075492.0511999999
2025-12-01,SKU042,90,120,6,41,88,698500.8,132.67,18.95285714285714,113.71714285714285,210,96.28285714285715,False,530.68,False,Healthy,Healthy,4583.86,0.0,0.0,0.0,0.0,0.0
2025-12-01,SKU043,559,211,12,142,393,2086495.45,120.92,17.274285714285714,207.29142857142858,770,562.7085714285714,False,483.68,False,Healthy,Healthy,2605.61,0.0,75.32,0.0,196254.5452,0.0
2025-12-01,SKU044,223,39,5,55,93,222337.69,48.63,6.9471428571428575,34.73571428571429,262,227.2642857142857,False,194.52,False,Healthy,Healthy,488.84,0.0,28.47999999999999,0.0,13922.163199999994,0.0
2025-12-01,SKU045,307,142,4,88,142,558224.24,145.37,20.767142857142858,83.06857142857143,449,365.93142857142857,False,581.48,False,Healthy,Healthy,3634.56,0.0,0.0,0.0,0.0,0.0
2025-12-01,SKU046,119,182,4,46,96,563935.05,49.28,7.04,28.16,301,272.84,False,197.12,False,Healthy,Healthy,1913.03,0.0,0.0,0.0,0.0,0.0
2025-12-01,SKU047,201,129,9,44,99,1231834.53,81.67,11.667142857142858,105.00428571428573,330,224.99571428571426,False,326.68,False,Healthy,Healthy,3416.1,0.0,0.0,0.0,0.0,0.0
2025-12-01,SKU026,160,70,5,31,59,988598.4,129.27,18.467142857142857,92.33571428571429,230,137.6642857142857,False,517.08,False,Healthy,Healthy,1799.29,0.0,0.0,0.0,0.0,0.0
2025-12-01,SKU037,355,687,8,315,644,2004500.4,140.15,20.021428571428572,160.17142857142858,1042,881.8285714285714,False,560.6,False,Healthy,Healthy,3901.0,0.0,0.0,0.0,0.0,0.0
2025-12-01,SKU025,1124,61,14,121,582,4384724.0,14.45,2.064285714285714,28.9,1185,1156.1,False,57.8,True,High Overstock,Markdown / Clear,1333.08,0.0,1066.2,0.0,1421329.896,1421329.896
2025-12-01,SKU013,151,95,4,32,61,1169978.2,76.46,10.922857142857142,43.69142857142857,246,202.30857142857144,False,305.84,False,Healthy,Healthy,3936.71,0.0,0.0,0.0,0.0,0.0
2025-12-01,SKU023,130,79,12,41,148,494858.0,86.96,12.422857142857142,149.0742857142857,209,59.92571428571429,False,347.84,False,Healthy,Healthy,2484.54,0.0,0.0,0.0,0.0,0.0
2025-12-01,SKU049,780,599,5,206,344,4123321.8,128.84,18.405714285714286,92.02857142857142,1379,1286.9714285714285,False,515.36,False,Healthy,Healthy,2063.03,0.0,264.64,0.0,545960.2592,0.0
2025-12-01,SKU001,771,147,4,159,289,2815160.01,85.68,12.24,48.96,918,869.04,False,342.72,True,High Overstock,Markdown / Clear,1758.45,0.0,428.28,0.0,753108.966,753108.966
2025-12-01,SKU002,526,29,3,94,149,2974319.6,49.39,7.055714285714286,21.167142857142856,555,533.8328571428572,False,197.56,True,High Overstock,Markdown / Clear,3867.09,0.0,328.44,0.0,1270107.0396,1270107.0396
2025-12-01,SKU003,349,12,3,88,123,2145941.67,24.38,3.4828571428571427,10.448571428571428,361,350.5514285714286,False,97.52,True,High Overstock,Markdown / Clear,589.48,0.0,251.48000000000002,0.0,148242.4304,148242.4304
2025-12-01,SKU004,259,254,6,98,196,321905.92,30.47,4.352857142857142,26.117142857142852,513,486.8828571428571,False,121.88,True,High Overstock,Markdown / Clear,1445.74,0.0,137.12,0.0,198239.8688,198239.8688
2025-12-01,SKU005,471,291,6,129,245,3500674.53,89.39,12.77,76.62,762,685.38,False,357.56,False,Healthy,Healthy,5543.63,0.0,113.44,0.0,628869.3872,0.0
2025-12-01,SKU006,359,485,13,129,340,2378877.6,32.31,4.615714285714286,60.004285714285714,844,783.9957142857143,False,129.24,True,High Overstock,Markdown / Clear,6021.91,0.0,229.76,0.0,1383594.0415999999,1383594.0415999999
2025-12-01,SKU007,207,460,8,98,237,941442.21,131.16,18.737142857142857,149.89714285714285,667,517.1028571428571,False,524.64,False,Healthy,Healthy,7748.2,0.0,0.0,0.0,0.0,0.0
2025-12-01,SKU008,325,155,3,91,161,2165845.5,79.26,11.322857142857144,33.96857142857143,480,446.0314285714286,False,317.04,False,Healthy,Healthy,2775.15,0.0,7.9599999999999795,0.0,22090.193999999945,0.0
2025-12-01,SKU009,75,89,7,63,131,224818.5,66.07,9.438571428571427,66.07,164,97.93,False,264.28,False,Healthy,Healthy,3121.06,0.0,0.0,0.0,0.0,0.0
2025-12-01,SKU024,341,18,14,60,259,454699.63,65.49,9.355714285714285,130.98,359,228.02,False,261.96,False,Healthy,Healthy,5539.34,0.0,79.04000000000002,0.0,437829.4336000001,0.0
2025-12-01,SKU010,83,70,13,22,60,595250.27,87.16,12.45142857142857,161.8685714285714,153,-8.868571428571414,True,348.64,False,High Stockout,Reorder Now,3889.06,30.868571428571414,0.0,120049.72639999994,0.0,120049.72639999994
2025-12-01,SKU012,47,60,12,16,58,67949.78,141.42,20.20285714285714,242.4342857142857,107,-135.4342857142857,True,565.68,False,High Stockout,Reorder Now,1256.89,151.4342857142857,0.0,190336.23937142856,0.0,190336.23937142856
2025-12-01,SKU014,309,334,10,130,299,964407.54,116.01,16.572857142857142,165.72857142857143,643,477.2714285714286,False,464.04,False,Healthy,Healthy,2008.55,0.0,0.0,0.0,0.0,0.0
2025-12-01,SKU015,187,245,9,119,265,235038.43,19.91,2.8442857142857143,25.59857142857143,432,406.4014285714286,False,79.64,True,High Overstock,Markdown / Clear,5441.06,0.0,107.36,0.0,584152.2016,584152.2016
2025-12-01,SKU016,255,187,11,30,129,512180.25,79.1,11.299999999999999,124.29999999999998,442,317.70000000000005,False,316.4,False,Healthy,Healthy,3637.93,0.0,0.0,0.0,0.0,0.0
2025-12-01,SKU017,95,26,12,108,274,636809.7,80.7,11.528571428571428,138.34285714285716,121,-17.342857142857156,True,322.8,False,High Stockout,Reorder Now,6703.26,125.34285714285716,0.0,840205.7605714287,0.0,840205.7605714287
2025-12-01,SKU018,235,102,8,66,184,627647.4,143.52,20.502857142857145,164.02285714285716,337,172.97714285714284,False,574.08,False,Healthy,Healthy,5677.05,0.0,0.0,0.0,0.0,0.0
2025-12-01,SKU019,227,114,14,25,126,738421.92,87.01,12.430000000000001,174.02,341,166.98,False,348.04,False,Healthy,Healthy,2670.84,0.0,0.0,0.0,0.0,0.0
2025-12-01,SKU020,1002,353,3,129,227,5550418.68,79.74,11.391428571428571,34.174285714285716,1355,1320.8257142857142,False,318.96,True,High Overstock,Markdown / Clear,6700.01,0.0,683.04,0.0,4576374.8304,4576374.8304
2025-12-01,SKU021,88,97,9,36,88,27021.28,44.34,6.3342857142857145,57.00857142857143,185,127.99142857142857,False,177.36,False,Healthy,Healthy,6486.92,0.0,0.0,0.0,0.0,0.0
2025-12-01,SKU022,95,194,8,76,163,513246.05,51.13,7.304285714285714,58.434285714285714,289,230.56571428571428,False,204.52,False,Healthy,Healthy,3252.96,0.0,0.0,0.0,0.0,0.0
2025-12-01,SKU011,753,269,3,179,247,2911918.77,14.76,2.1085714285714285,6.325714285714286,1022,1015.6742857142857,False,59.04,True,High Overstock,Markdown / Clear,1718.4,0.0,693.96,0.0,1192500.864,1192500.864
2025-12-01,SKU050,328,525,14,69,316,1138983.28,33.28,4.7542857142857144,66.56,853,786.44,False,133.12,True,High Overstock,Markdown / Clear,701.85,0.0,194.88,0.0,136776.528,136776.528
